Item,Qty,Reference(s),,,,,,Value,,,Footprint,,,,,,,,,,Digikey Part No.,,
1,2,"C1, C2",,,,,,10u,,,Capacitor_SMD:C_1206_3216Metric_Pad1.33x1.80mm_HandSolder,,,,,,,,,,587-3007-1-ND,,
2,5,"C3, C7, C11, C15, C19",,,,,,100u,,,Capacitor_THT:CP_Radial_D8.0mm_P3.50mm,,,,,,,,,,493-5916-1-ND,,
3,4,"C4, C8, C12, C16",,,,,,1u,,,Capacitor_SMD:C_0805_2012Metric_Pad1.18x1.45mm_HandSolder,,,,,,,,,,1276-6470-1-ND,,
4,12,"C5, C9, C13, C17, C20, C21, C22, C23, C24, C26, C27, C28",,,,,,100n,,,Capacitor_SMD:C_0805_2012Metric_Pad1.18x1.45mm_HandSolder,,,,,,,,,,478-11511-1-ND,,
5,4,"C6, C10, C14, C18",,,,,,100n,,,Capacitor_SMD:C_0805_2012Metric_Pad1.18x1.45mm_HandSolder,,,,,,,,,,478-11511-1-ND,,
6,1,C25,,,,,,NL,,,Capacitor_SMD:C_0805_2012Metric_Pad1.18x1.45mm_HandSolder,,,,,,,,,,,,
7,2,"D1, D3",,,,,,LED,,,LED_SMD:LED_0805_2012Metric_Pad1.15x1.40mm_HandSolder,,,,,,,,,,160-1446-1-ND,,
8,6,"D2, D7, D10, D11, D12, D15",,,,,,D_Schottky,,,Diode_SMD:D_SOD-123,,,,,,,,,,1655-MBR260HWCT-ND,,
9,1,D4,,,,,,5V6,,,Diode_SMD:D_SOD-123,,,,,,,,,,BZT52C5V6-TPMSCT-ND,,
10,2,"D5, D6",,,,,,LED_Dual_Bidirectional,,,LED_SMD:LED_1206_3216Metric_Pad1.42x1.75mm_HandSolder,,,,,,,,,,1497-1314-1-ND,,
11,8,"D8, D9, D13, D14, D18, D19, D23, D24",,,,,,NL,,,Diode_SMD:D_SOD-123,,,,,,,,,,,,
12,1,F1,,,,,,Fuse,,,Fuse:Fuseholder_Clip-5x20mm_Bel_FC-203-22_Lateral_P17.80x5.00mm_D1.17mm_Horizontal,,,,,,,,,,507-FC-203BRIGHTTIN-ND,,
13,1,FID1,,,,,,TL-Origin,,,Fiducial:Fiducial_1mm_Mask2mm,,,,,,,,,,,,
14,1,FID2,,,,,,TR,,,Fiducial:Fiducial_1mm_Mask2mm,,,,,,,,,,,,
15,1,FID3,,,,,,BL,,,Fiducial:Fiducial_1mm_Mask2mm,,,,,,,,,,,,
16,4,"H1, H2, H3, H4",,,,,,Mounting Holes,,,MountingHole:MountingHole_3.2mm_M3_Pad_Via,,,,,,,,,,,,
17,4,"J1, J2, J6, J10",,,,,,Conn_01x02,,,Connector_Molex:Molex_KK-254_AE-6410-02A_1x02_P2.54mm_Vertical,,,,,,,,,,,,
18,2,"J3, J4",,,,,,Conn_01x04,,,Connector_Molex:Molex_KK-254_AE-6410-04A_1x04_P2.54mm_Vertical,,,,,,,,,,,,
19,3,"J5, J7, J9",,,,,,Screw_Terminal_01x02,,,TerminalBlock:TerminalBlock_bornier-2_P5.08mm,,,,,,,,,,,,
20,1,J8,,,,,,Conn_01x04,,,Connector_JST:JST_XH_S4B-XH-A_1x04_P2.50mm_Horizontal,,,,,,,,,,,,
21,1,JP1,,,,,,Jumper_2_Open,,,Connector_PinHeader_2.54mm:PinHeader_1x02_P2.54mm_Vertical,,,,,,,,,,,,
22,2,"JP2, JP3",,,,,,Jumper_3_Open,,,Jumper:SolderJumper-3_P1.3mm_Open_RoundedPad1.0x1.5mm_NumberLabels,,,,,,,,,,,,
23,9,"Q1, Q3, Q4, Q5, Q6, Q7, Q8, Q9, Q10",,,,,,Q_NMOS_GDS,,,Package_TO_SOT_SMD:TO-252-2,,,,,,,,,,DMNH6042SK3Q-13DICT-ND,,
24,1,Q2,,,,,,IRF5505,,,Package_TO_SOT_SMD:TO-252-3_TabPin2,,,,,,,,,,IRFR5505PBFCT-ND,,
25,2,"R1, R4",,,,,,4k7,,,Resistor_SMD:R_0805_2012Metric_Pad1.20x1.40mm_HandSolder,,,,,,,,,,A129546CT-ND,,
26,5,"R2, R5, R6, R35, R36",,,,,,10k,,,Resistor_SMD:R_0805_2012Metric_Pad1.20x1.40mm_HandSolder,,,,,,,,,,RNCP0805FTD10K0CT-ND,,
27,4,"R3, R7, R11, R12",,,,,,150R,,,Resistor_SMD:R_0805_2012Metric_Pad1.20x1.40mm_HandSolder,,,,,,,,,,2019-RK73H2ATTD1500FCT-ND,,
28,9,"R8, R16, R17, R21, R22, R26, R27, R31, R32",,,,,,10R,,,Resistor_SMD:R_0805_2012Metric_Pad1.20x1.40mm_HandSolder,,,,,,,,,,118-CMP0805-FX-10R0ELFCT-ND,,
29,1,R9,,,,,,680R,,,Resistor_SMD:R_0805_2012Metric_Pad1.20x1.40mm_HandSolder,,,,,,,,,,A130475CT-ND,,
30,2,"R10, R38",,,,,,100k,,,Resistor_SMD:R_0805_2012Metric_Pad1.20x1.40mm_HandSolder,,,,,,,,,,A126415CT-ND,,
31,4,"R13, R18, R23, R28",,,,,,2R7,,,Resistor_SMD:R_0805_2012Metric_Pad1.20x1.40mm_HandSolder,,,,,,,,,,P19294CT-ND,,
32,10,"R14, R15, R19, R20, R24, R25, R29, R30, R41, R42",,,,,,NL,,,Resistor_SMD:R_0805_2012Metric_Pad1.20x1.40mm_HandSolder,,,,,,,,,,,,
33,2,"R33, R34",,,,,,100mR,,,Resistor_SMD:R_2010_5025Metric_Pad1.40x2.65mm_HandSolder,,,,,,,,,,CSRN2010FKR100CT-ND,,
34,3,"R37, R39, R40",,,,,,0R,,,Resistor_SMD:R_0805_2012Metric_Pad1.20x1.40mm_HandSolder,,,,,,,,,,541-0.0TBCT-ND,,
35,2,"R43, R44",,,,,,100R,,,Resistor_SMD:R_0805_2012Metric_Pad1.20x1.40mm_HandSolder,,,,,,,,,,311-100CRCT-ND,,
36,1,RV2,,,,,,100K,,,Potentiometer_THT:Potentiometer_Bourns_3296W_Vertical,,,,,,,,,,CT94EW104-ND,,
37,1,SW1,,,,,,SW_SPST,,,Connector_PinHeader_2.54mm:PinHeader_1x02_P2.54mm_Vertical,,,,,,,,,,,,
38,20,TP1 - TP20,,,,,,TestPoint,,,TestPoint:TestPoint_Keystone_5000-5004_Miniature,,,,,,,,,,,,
39,1,U2,,,,,,NCP1117-5.0_SOT223,,,Package_TO_SOT_SMD:SOT-223-3_TabPin2,,,,,,,,,,NCP1117LPST50T3GOSCT-ND,,
40,4,"U3, U4, U5, U6",,,,,,IRS2304,,,Package_SO:SOIC-8_3.9x4.9mm_P1.27mm,,,,,,,,,,DGD2304S8-13DICT-ND,,
41,2,"U7, U8",,,,,,AD8215,,,Package_SO:SOIC-8_3.9x4.9mm_P1.27mm,,,,,,,,,,AD8215YRZ-ND,,
42,2,"U9, U10",,,,,,LM397,,,Package_TO_SOT_SMD:SOT-23-5,,,,,,,,,,LM397MFCT-ND,,
43,1,U11,,,,,,MCP601-xOT,,,Package_TO_SOT_SMD:SOT-23-5,,,NCS20061SN2T1GOSCT-ND,,,,,,,NCS20061SN2T1GOSCT-ND,,
