,,Item,Qty,Reference(s),Value,Footprint,Digikey Part No.,Qty,,,Quantity,Part Number,Manufacturer Part Number,Description,Customer Reference,Available,Backorder,Unit Price,Extended Price AUD
,,1,2,"C1, C2",10u,Capacitor_SMD:C_1206_3216Metric_Pad1.33x1.80mm_HandSolder,587-3007-1-ND,2,,,2,587-3007-1-ND,GMK316AB7106KL-TR,CAP CER 10UF 35V X7R 1206,,2,0,0.73,1.46
,,2,5,"C3, C7, C11, C15, C19",100u,Capacitor_THT:CP_Radial_D8.0mm_P3.50mm,493-5916-1-ND,5,,,5,493-5916-1-ND,UVR1H101MPD1TD,CAP ALUM 100UF 20% 50V RADIAL,,5,0,0.73,3.65
,,3,4,"C4, C8, C12, C16",1u,Capacitor_SMD:C_0805_2012Metric_Pad1.18x1.45mm_HandSolder,1276-6470-1-ND,4,,,4,1276-6470-1-ND,CL21B105KBFNNNG,CAP CER 1UF 50V X7R 0805,,4,0,0.17,0.68
,,4,12,"C5, C9, C13, C17, C20, C21, C22, C23, C24, C26, C27, C28",100n,Capacitor_SMD:C_0805_2012Metric_Pad1.18x1.45mm_HandSolder,478-11511-1-ND,12,,,16,478-KGM21NR71H103JMCT-ND,KGM21NR71H103JM,CAP CER 10000PF 50V X7R 0805,,16,0,0.18,2.88
,,5,4,"C6, C10, C14, C18",100n,Capacitor_SMD:C_0805_2012Metric_Pad1.18x1.45mm_HandSolder,478-11511-1-ND,4,,,,,,,,,,,
,,6,1,C25,NL,Capacitor_SMD:C_0805_2012Metric_Pad1.18x1.45mm_HandSolder,,1,,,,,,,,,,,
,,7,2,"D1, D3",LED,LED_SMD:LED_0805_2012Metric_Pad1.15x1.40mm_HandSolder,160-1446-1-ND,2,,,2,160-1446-1-ND,LTST-C191KGKT,LED GREEN CLEAR SMD,,2,0,0.4,0.8
,,8,6,"D2, D7, D10, D11, D12, D15",D_Schottky,Diode_SMD:D_SOD-123,1655-MBR260HWCT-ND,6,,,6,1655-MBR260HWCT-ND,MBR260HW,DIODE SCHOTTKY 60V 2A SOD123,,6,0,0.61,3.66
,,9,1,D4,5V6,Diode_SMD:D_SOD-123,BZT52C5V6-TPMSCT-ND,1,,,1,BZT52C5V6-TPMSCT-ND,BZT52C5V6-TP,DIODE ZENER 5.6V 500MW SOD123,,1,0,0.18,0.18
,,10,2,"D5, D6",LED_Dual_Bidirectional,LED_SMD:LED_1206_3216Metric_Pad1.42x1.75mm_HandSolder,1497-1314-1-ND,2,,,2,1497-1314-1-ND,XZMDKVG55W-4,LED GREEN/RED CLEAR 2SMD,,2,0,0.79,1.58
,,11,8,"D8, D9, D13, D14, D18, D19, D23, D24",NL,Diode_SMD:D_SOD-123,,8,,,,,,,,,,,
,,12,1,F1,Fuse,Fuse:Fuseholder_Clip-5x20mm_Bel_FC-203-22_Lateral_P17.80x5.00mm_D1.17mm_Horizontal,,1,,,,,,,,,,,
,,13,1,FID1,TL-Origin,Fiducial:Fiducial_1mm_Mask2mm,,1,,,,,,,,,,,
,,14,1,FID2,TR,Fiducial:Fiducial_1mm_Mask2mm,,1,,,,,,,,,,,
,,15,1,FID3,BL,Fiducial:Fiducial_1mm_Mask2mm,,1,,,,,,,,,,,
,,16,4,"H1, H2, H3, H4",Mounting Holes,MountingHole:MountingHole_3.2mm_M3_Pad_Via,,4,,,,,,,,,,,
,,17,4,"J1, J2, J6, J10",Conn_01x02,Connector_Molex:Molex_KK-254_AE-6410-02A_1x02_P2.54mm_Vertical,,4,,,,,,,,,,,
,,18,2,"J3, J4",Conn_01x04,Connector_Molex:Molex_KK-254_AE-6410-04A_1x04_P2.54mm_Vertical,,2,,,,,,,,,,,
,,19,3,"J5, J7, J9",Screw_Terminal_01x02,TerminalBlock:TerminalBlock_bornier-2_P5.08mm,,3,,,,,,,,,,,
,,20,1,J8,Conn_01x04,Connector_JST:JST_XH_S4B-XH-A_1x04_P2.50mm_Horizontal,,1,,,,,,,,,,,
,,21,1,JP1,Jumper_2_Open,Connector_PinHeader_2.54mm:PinHeader_1x02_P2.54mm_Vertical,,1,,,,,,,,,,,
,,22,2,"JP2, JP3",Jumper_3_Open,Jumper:SolderJumper-3_P1.3mm_Open_RoundedPad1.0x1.5mm_NumberLabels,,2,,,,,,,,,,,
,,23,9,"Q1, Q3, Q4, Q5, Q6, Q7, Q8, Q9, Q10",Q_NMOS_GDS,Package_TO_SOT_SMD:TO-252-2,DMNH6042SK3Q-13DICT-ND,9,,,10,DMNH6042SK3Q-13DICT-ND,DMNH6042SK3Q-13,MOSFET N-CH 60V 25A TO252,,10,0,1.205,12.05
,,24,1,Q2,IRF5505,Package_TO_SOT_SMD:TO-252-3_TabPin2,IRFR5505PBFCT-ND,1,,,1,IRFR5505PBFCT-ND,IRFR5505TRPBF,MOSFET P-CH 55V 18A DPAK,,1,0,1.65,1.65
,,25,2,"R1, R4",4k7,Resistor_SMD:R_0805_2012Metric_Pad1.20x1.40mm_HandSolder,A129546CT-ND,2,,,2,A129546CT-ND,CRGH0805F4K7,CRGH0805 1% 4K7 0.33W,,2,0,0.15,0.3
,,26,5,"R2, R5, R6, R35, R36",10k,Resistor_SMD:R_0805_2012Metric_Pad1.20x1.40mm_HandSolder,RNCP0805FTD10K0CT-ND,5,,,5,RNCP0805FTD10K0CT-ND,RNCP0805FTD10K0,RES 10K OHM 1% 1/4W 0805,,5,0,0.15,0.75
,,27,4,"R3, R7, R11, R12",150R,Resistor_SMD:R_0805_2012Metric_Pad1.20x1.40mm_HandSolder,2019-RK73H2ATTD1500FCT-ND,4,,,4,2019-RK73H2ATTD1500FCT-ND,RK73H2ATTD1500F,RES 150 OHM 1% 1/4W 0805,,4,0,0.15,0.6
,,28,9,"R8, R16, R17, R21, R22, R26, R27, R31, R32",10R,Resistor_SMD:R_0805_2012Metric_Pad1.20x1.40mm_HandSolder,P18937CT-ND�,9,,,10,P18937CT-ND,ERJ-P06F10R0V,RES SMD 10 OHM 1% 1/2W 0805,,10,0,0.228,2.28
,,29,1,R9,680R,Resistor_SMD:R_0805_2012Metric_Pad1.20x1.40mm_HandSolder,A130475CT-ND,1,,,1,A130475CT-ND,CRGP0805F680R,RES 680 OHM 1% 1/3W 0805,,1,0,0.32,0.32
,,30,2,"R10, R38",100k,Resistor_SMD:R_0805_2012Metric_Pad1.20x1.40mm_HandSolder,A126415CT-ND,2,,,2,A126415CT-ND,CRGH0805F100K,RES SMD 100K OHM 1% 1/3W 0805,,2,0,0.18,0.36
,,31,4,"R13, R18, R23, R28",2R7,Resistor_SMD:R_0805_2012Metric_Pad1.20x1.40mm_HandSolder,P19294CT-ND,4,,,4,P19294CT-ND,ERJ-6DQFR27V,RES 0.27 OHM 1% 1/2W 0805,,4,0,0.5,2
,,32,10,"R14, R15, R19, R20, R24, R25, R29, R30, R41, R42",NL,Resistor_SMD:R_0805_2012Metric_Pad1.20x1.40mm_HandSolder,,10,,,,,,,,,,,
,,33,2,"R33, R34",100mR,Resistor_SMD:R_2010_5025Metric_Pad1.40x2.65mm_HandSolder,CSRN2010FKR100CT-ND,2,,,2,CSRN2010FKR100CT-ND,CSRN2010FKR100,RES 0.1 OHM 1% 1W 2010,,2,0,0.87,1.74
,,34,3,"R37, R39, R40",0R,Resistor_SMD:R_0805_2012Metric_Pad1.20x1.40mm_HandSolder,36-5106CT-ND�,3,,,3,36-5106CT-ND,5106,RES SMD 0 OHM JUMPER 1/2W 0805,,3,0,0.64,1.92
,,35,2,"R43, R44",100R,Resistor_SMD:R_0805_2012Metric_Pad1.20x1.40mm_HandSolder,311-100CRCT-ND,2,,,2,311-100CRCT-ND,RC0805FR-07100RL,RES 100 OHM 1% 1/8W 0805,,2,0,0.15,0.3
,,36,1,RV2,100K,Potentiometer_THT:Potentiometer_Bourns_3296W_Vertical,CT94EW104-ND,1,,,1,563-CT-94EW104-ND,CT-94EW104,TRIMMER 100K OHM 0.5W PC PIN TOP,,1,0,3.41,3.41
,,37,1,SW1,SW_SPST,Connector_PinHeader_2.54mm:PinHeader_1x02_P2.54mm_Vertical,,1,,,,,,,,,,,
,,38,20,"TP1, TP2, TP3, TP4, TP5, TP6, TP7, TP8, TP9, TP10, TP11, TP12, TP13, TP14, TP15, TP16, TP17, TP18, TP19, TP20",TestPoint,TestPoint:TestPoint_Keystone_5000-5004_Miniature,,20,,,,,,,,,,,
,,39,1,U2,NCP1117-5.0_SOT223,Package_TO_SOT_SMD:SOT-223-3_TabPin2,NCP1117LPST50T3GOSCT-ND,1,,,1,NCP1117LPST50T3GOSCT-ND,NCP1117LPST50T3G,IC REG LINEAR 5V 1A SOT223,,1,0,0.72,0.72
,,40,4,"U3, U4, U5, U6",IRS2304,Package_SO:SOIC-8_3.9x4.9mm_P1.27mm,DGD2304S8-13DICT-ND,4,,,4,DGD2304S8-13DICT-ND,DGD2304S8-13,IC GATE DRVR HALF-BRIDGE 8SO,,4,0,1.83,7.32
,,41,2,"U7, U8",AD8215,Package_SO:SOIC-8_3.9x4.9mm_P1.27mm,AD8215YRZ-ND,2,,,2,AD8215YRZ-ND,AD8215YRZ,IC CURRENT MONITOR 0.15% 8SOIC,,2,0,6.71,13.42
,,42,2,"U9, U10",LM397,Package_TO_SOT_SMD:SOT-23-5,LM397MFCT-ND,2,,,2,LM397MFCT-ND,LM397MF,IC COMPARATOR 1 GEN PUR SOT23-5,,2,0,2.61,5.22
,,43,1,U11,MCP601-xOT,Package_TO_SOT_SMD:SOT-23-5,NCS20061SN2T1GOSCT-ND,1,,,1,NCS20061SN2T1GOSCT-ND,NCS20061SN2T1G,IC OPAMP GP 1 CIRCUIT 5TSOP,,1,0,0.81,0.81
,,,,,,,,,,,,,,,,,,,
,,,,,,,,,,,,,,,,,,,70.06
